ticker,mid_price,sigma,F_start,F_end,fundamental_return,latent_state_1_fraction,mean_abs_nu_bar,max_abs_nu_bar,rms_nu_bar,weighted_mean_abs_agent_rate,weighted_max_abs_agent_rate,weighted_terminal_inventory,weighted_abs_terminal_inventory,initial_inventory_pop1,terminal_inventory_pop1,mean_abs_rate_pop1,initial_inventory_pop2,terminal_inventory_pop2,mean_abs_rate_pop2,mean_pi_pop1,mean_pi_pop2,mean_Ahat_pop1,mean_Ahat_pop2,status
EBAY,53.41,0.17,53.41,54.51392665802612,0.020668913275156818,1.0,0.31649149183632647,0.6588820837585617,0.3784309196675556,0.4695343458039303,0.6962244555563608,0.6947604931842657,0.6947604931842657,1.0,0.47068609765563973,0.5293139023443607,1.0,0.9188348887128917,0.4097547892634998,0.9317216798010625,0.897677477940754,0.8634433596021249,0.795354955881508,ok
INTC,30.26,0.16,30.26,30.683813325203708,0.01400572786529103,0.6633366633366633,0.3477339729100445,0.7399529012349245,0.41199035903573306,0.5027534780962055,0.8181518954429298,0.7964398462241243,0.7964398462241243,1.0,0.5483430114274401,0.4516569885725603,1.0,1.0445366810208085,0.5538499676198506,0.6690118681220458,0.63770646384052,0.33802373624409177,0.27541292768104003,ok
DOW,49.48,0.23,49.48,49.31060665498046,-0.0034234709987780105,0.34465534465534464,0.3820839647582203,0.7898655056697396,0.43920193519031114,0.5103253814835458,0.9163973100396212,0.8584844323128323,0.8584844323128323,1.0,0.5964406665407973,0.40355933345920336,1.0,1.1205281980848674,0.6170914295078883,0.51112268688259,0.46189352994259897,0.022245373765179842,-0.07621294011480209,ok
CSCO,24.21,0.14,24.21,24.311586659552866,0.004196061939399626,0.5084915084915085,0.3786213954018318,0.7716935376424184,0.4332312552878529,0.5019509563284403,0.9051243098295596,0.8358895965038211,0.8358895965038211,1.0,0.5794026343629514,0.4205973656370503,1.0,1.0923765586446907,0.5833045470198304,0.5078732440343187,0.48174244199448935,0.015746488068637283,-0.03651511601102133,ok
COST,121.37,0.12,121.37,122.02535999390523,0.005399686857586075,0.7912087912087912,0.28697760480129964,0.7010542802275104,0.3539210547970449,0.4578683758566976,0.7028638416518249,0.746573974351752,0.746573974351752,1.0,0.5131474664465847,0.4868525335534158,1.0,0.9800004822569193,0.42888421815997946,0.8517613628501012,0.8342381704104284,0.7035227257002027,0.6684763408208566,ok
AXP,89.78,0.19,89.78,90.25815332368059,0.00532583341145675,0.6803196803196803,0.3010411872551509,0.716439837101686,0.37264091624684625,0.47735993234663565,0.7315392284447441,0.7663001487621419,0.7663001487621419,1.0,0.5267147171847298,0.47328528281527044,1.0,1.0058855803395539,0.48143458187800087,0.7753512679803548,0.7361041449665732,0.5507025359607096,0.4722082899331463,ok
AMAT,20.85,0.23,20.85,21.990606654980986,0.0547053551549633,1.0,0.3139347631543202,0.6677111726105077,0.3779261943163204,0.4719902205654639,0.6947778243716016,0.7058267618174946,0.7058267618174946,1.0,0.4786992768587642,0.5213007231412355,1.0,0.9329542467762251,0.4226797179896923,0.8974935900479917,0.8492271746499489,0.7949871800959835,0.6984543492998978,ok
PNC,84.67,0.15,84.67,85.34569999238094,0.007980394382673221,0.7922077922077922,0.3440606955114576,0.6781794638735318,0.3956829443529542,0.4819827195469033,0.7536562536127891,0.7192197838371062,0.7192197838371062,1.0,0.4889223939904479,0.5110776060095523,1.0,0.9495171736837645,0.4528878330842543,0.7384400793630428,0.7128914917934476,0.4768801587260857,0.4257829835868953,ok
AA,14.44,0.27,14.44,15.60505998628003,0.0806828245346282,1.0,0.31298660399184325,0.673381214831501,0.3778801745414654,0.4735013435787029,0.6967770111237224,0.7129283521069987,0.7129283521069987,1.0,0.4838640317063121,0.5161359682936891,1.0,0.9419926725076854,0.43086671886371664,0.8767321781086054,0.8215646643024487,0.7534643562172108,0.6431293286048974,ok
FMER,19.17,0.21,19.17,19.654379989329797,0.025267605077193295,0.6773226773226774,0.3203318125115465,0.7175432633703648,0.38834586215688927,0.4884779500901897,0.7637388980130363,0.7681004062521672,0.7681004062521672,1.0,0.5269249428622358,0.47307505713776493,1.0,1.0092758696420987,0.5038808430426145,0.7410823101312889,0.6970642842419033,0.48216462026257784,0.39412856848380645,ok
CNQR,105.96,0.29,105.96,106.02328665193048,0.0005972692707671071,0.4435564435564436,0.346704057943693,0.7962227936778,0.413911230208421,0.49679257203271754,0.9001004536069637,0.8657915463627666,0.8657915463627666,1.0,0.6033080970976606,0.3966919029023398,1.0,1.1282749956278724,0.5968932411630953,0.5582552561870873,0.5003119636134568,0.11651051237417458,0.0006239272269135064,ok
ROC,76.1,0.19,76.1,76.9581533236824,0.011276653399243122,0.8711288711288712,0.31928867488308155,0.679349032728548,0.38529775837612656,0.48053480748462585,0.7083619490742781,0.7205532138595753,0.7205532138595753,1.0,0.4899287190837199,0.51007128091628,1.0,0.9511777086354307,0.45099833405297174,0.8412606354241557,0.8020132212480575,0.6825212708483114,0.6040264424961151,ok
IMGN,12.19,0.5,12.19,12.919666641260088,0.05985780486136903,0.7122877122877123,0.3250835855691572,0.7343603164060469,0.3932828355787852,0.491964170431881,0.8118909382259625,0.789200758798509,0.789200758798509,1.0,0.5404514542999029,0.45954854570009607,1.0,1.037950063297115,0.524379795163666,0.6921613092223151,0.6096473636825521,0.38432261844463034,0.21929472736510414,ok
DK,30.83,0.78,30.83,31.054839960365808,0.0072928952437823335,0.37462537462537465,0.34132207696858174,0.7701459294286991,0.40688076166444614,0.49936692371937363,0.8826639200341334,0.833763069267508,0.833763069267508,1.0,0.5727477097015151,0.4272522902984868,1.0,1.094778428833501,0.5714815571402605,0.6038341374464148,0.4981682522371906,0.20766827489282966,-0.003663495525618873,ok
ARCC,16.96,0.12,16.96,17.109359993902586,0.008806603414067546,0.5384615384615384,0.3870695664399825,0.751118209220119,0.43937254873278886,0.5093862628607866,0.8904228595214706,0.8106393370391329,0.8106393370391329,1.0,0.5589316721421785,0.44106832785782185,1.0,1.0623470019360874,0.5777041978637513,0.5169122891261492,0.4989728595447089,0.03382457825229833,-0.0020542809105823802,ok
BXS,22.88,0.26,22.88,24.03894665345657,0.05065326282589908,1.0,0.3131858417937851,0.6719911450686131,0.377876864765294,0.4731414818984735,0.6962565966528994,0.7111879200863693,0.7111879200863693,1.0,0.48259428508138347,0.517405714918618,1.0,0.9397815550913553,0.428877248878329,0.8817324626364548,0.8281041130270097,0.7634649252729097,0.6562082260540196,ok
AYI,128.21,0.31,128.21,129.39951331758556,0.00927785131881718,1.0,0.31236971414772563,0.6787766232802893,0.3779659386687204,0.4748317258188908,0.6985387593366102,0.7196798566880441,0.7196798566880441,1.0,0.4888128355034936,0.5111871644965053,1.0,0.9505468778725947,0.4384762871412764,0.8579294711609742,0.7975616217225863,0.7158589423219484,0.5951232434451724,ok
